{
"lengthUnit": "mil",
"components": {
	"fields": ["COMPONENT_NO", "COMPONENT_NAME", "LAYER", "X_COORDINATE", "Y_COORDINATE", "ANGLE"],
	"rows": [
		[1, "C1", "T", 1385, 85, 0],
		[2, "C2", "T", 1465, -525, 0],
		[3, "C3", "T", 1290, -525, 180],
		[4, "C4", "T", 890, -315, 180],
		[5, "C5", "T", 635.05, 575, 270],
		[6, "CN1", "T", 2435, 525, 270],
		[7, "H1", "T", 2475, -730, 270],
		[8, "H3", "T", 125, 580, 90],
		[9, "H4", "T", 2055, -420, 270],
		[10, "H5", "T", 995, 960, 180],
		[11, "LED1", "T", 337.5, 105, 0],
		[12, "LED2", "T", 337.5, -160, 0],
		[13, "LED3", "T", 337.5, -415, 0],
		[14, "LED4", "T", 1735, 65, 0],
		[15, "Power3.3", "T", 2380, -5, 90],
		[16, "R1", "T", 464.66, 669.66, 270],
		[17, "R2", "T", 355, 610, 270],
		[18, "R3", "T", 890, -210, 0],
		[19, "R4", "T", 123.71, 105.38, 0],
		[20, "R5", "T", 123.71, -154.39, 0],
		[21, "R6", "T", 118.71, -414.71, 0],
		[22, "R7", "T", 1480, 430, 90],
		[23, "R8", "T", 1845, -120, 270],
		[24, "SCREW1", "T", 157.8, -1259.65, 0],
		[25, "SCREW2", "T", 2470, -1260, 0],
		[26, "SCREW3", "T", 153.37, 990.35, 0],
		[27, "SCREW4", "T", 2470, 995, 0],
		[28, "SW4", "T", 1995, 55, 270],
		[29, "U1", "T", 1925, 395, 0],
		[30, "U2", "T", 1385, -215, 0],
		[31, "U3", "T", 800.05, 575, 0],
		[32, "U4", "T", 600, -1050, 0],
		[33, "U5", "T", 1312.5, -1050, 0],
		[34, "U6", "T", 2025, -1050, 0]
	]
},
"pins": {
	"fields": ["PIN_NO", "PIN_NAME", "PIN_X", "PIN_Y", "LAYER", "PIN_TYPE", "NET_NAME", "NET_TYPE", "PAD_SHAPE", "PAD_SIZEX", "PAD_SIZEY", "HOLE_SIZE", "PAD_ANGLE"],
	"rows": [
		[1, "C1_1", 1345.63, 85, "T", "SMD", "GND", "GND", "R", 55.51, 53.15, 0, 0],
		[2, "C1_2", 1424.37, 85, "T", "SMD", "VCC", "", "R", 55.51, 53.15, 0, 0],
		[3, "C2_1", 1425.63, -525, "T", "SMD", "GND", "GND", "R", 55.51, 53.15, 0, 0],
		[4, "C2_2", 1504.37, -525, "T", "SMD", "VCC", "", "R", 55.51, 53.15, 0, 0],
		[5, "C3_1", 1329.37, -525, "T", "SMD", "VCC", "", "R", 55.51, 53.15, 0, 180],
		[6, "C3_2", 1250.63, -525, "T", "SMD", "GND", "GND", "R", 55.51, 53.15, 0, 180],
		[7, "C4_1", 952.7, -315, "T", "SMD", "RESET", "", "R", 58.47, 68.03, 0, 180],
		[8, "C4_2", 827.3, -315, "T", "SMD", "GND", "GND", "R", 58.47, 68.03, 0, 180],
		[9, "C5_1", 635.05, 614.37, "T", "SMD", "VCC", "", "R", 55.51, 53.15, 0, 270],
		[10, "C5_2", 635.05, 535.63, "T", "SMD", "GND", "GND", "R", 55.51, 53.15, 0, 270],
		[11, "CN1_1", 2385, 625, "T", "DIP", "SPI_MISO", "", "R", 70.87, 66.93, 40.16, 270],
		[12, "CN1_1", 2385, 625, "B", "DIP", "SPI_MISO", "", "R", 70.87, 66.93, 40.16, 270],
		[13, "CN1_2", 2485, 625, "T", "DIP", "VCC", "", "C", 66.93, 66.93, 40.16, 270],
		[14, "CN1_2", 2485, 625, "B", "DIP", "VCC", "", "C", 66.93, 66.93, 40.16, 270],
		[15, "CN1_3", 2385, 525, "T", "DIP", "SPI_CLK", "", "C", 66.93, 66.93, 40.16, 270],
		[16, "CN1_3", 2385, 525, "B", "DIP", "SPI_CLK", "", "C", 66.93, 66.93, 40.16, 270],
		[17, "CN1_4", 2485, 525, "T", "DIP", "SPI_MOSI", "", "C", 66.93, 66.93, 40.16, 270],
		[18, "CN1_4", 2485, 525, "B", "DIP", "SPI_MOSI", "", "C", 66.93, 66.93, 40.16, 270],
		[19, "CN1_5", 2385, 425, "T", "DIP", "RESET", "", "C", 66.93, 66.93, 40.16, 270],
		[20, "CN1_5", 2385, 425, "B", "DIP", "RESET", "", "C", 66.93, 66.93, 40.16, 270],
		[21, "CN1_6", 2485, 425, "T", "DIP", "GND", "GND", "C", 66.93, 66.93, 40.16, 270],
		[22, "CN1_6", 2485, 425, "B", "DIP", "GND", "GND", "C", 66.93, 66.93, 40.16, 270],
		[23, "H1_1", 2475, -480, "T", "DIP", "+5V", "", "R", 66.93, 66.93, 43.31, 270],
		[24, "H1_1", 2475, -480, "B", "DIP", "+5V", "", "R", 66.93, 66.93, 43.31, 270],
		[25, "H1_2", 2475, -580, "T", "DIP", "GND", "GND", "C", 66.93, 66.93, 43.31, 270],
		[26, "H1_2", 2475, -580, "B", "DIP", "GND", "GND", "C", 66.93, 66.93, 43.31, 270],
		[27, "H1_3", 2475, -680, "T", "DIP", "$1N1844", "", "C", 66.93, 66.93, 43.31, 270],
		[28, "H1_3", 2475, -680, "B", "DIP", "$1N1844", "", "C", 66.93, 66.93, 43.31, 270],
		[29, "H1_4", 2475, -780, "T", "DIP", "$1N1848", "", "C", 66.93, 66.93, 43.31, 270],
		[30, "H1_4", 2475, -780, "B", "DIP", "$1N1848", "", "C", 66.93, 66.93, 43.31, 270],
		[31, "H1_5", 2475, -880, "T", "DIP", "H1_5", "", "C", 66.93, 66.93, 43.31, 270],
		[32, "H1_5", 2475, -880, "B", "DIP", "H1_5", "", "C", 66.93, 66.93, 43.31, 270],
		[33, "H1_6", 2475, -980, "T", "DIP", "VCC", "", "C", 66.93, 66.93, 43.31, 270],
		[34, "H1_6", 2475, -980, "B", "DIP", "VCC", "", "C", 66.93, 66.93, 43.31, 270],
		[35, "H3_1", 125, 430, "T", "DIP", "GND", "GND", "R", 66.93, 66.93, 43.31, 90],
		[36, "H3_1", 125, 430, "B", "DIP", "GND", "GND", "R", 66.93, 66.93, 43.31, 90],
		[37, "H3_2", 125, 530, "T", "DIP", "VCC", "", "C", 66.93, 66.93, 43.31, 90],
		[38, "H3_2", 125, 530, "B", "DIP", "VCC", "", "C", 66.93, 66.93, 43.31, 90],
		[39, "H3_3", 125, 630, "T", "DIP", "I2C_SCL", "", "C", 66.93, 66.93, 43.31, 90],
		[40, "H3_3", 125, 630, "B", "DIP", "I2C_SCL", "", "C", 66.93, 66.93, 43.31, 90],
		[41, "H3_4", 125, 730, "T", "DIP", "I2C_SDA", "", "C", 66.93, 66.93, 43.31, 90],
		[42, "H3_4", 125, 730, "B", "DIP", "I2C_SDA", "", "C", 66.93, 66.93, 43.31, 90],
		[43, "H4_1", 1952.64, -320, "T", "SMD", "$1N5708", "", "R", 39.37, 133.86, 0, 270],
		[44, "H4_2", 2157.36, -320, "T", "SMD", "VCC", "", "R", 39.37, 133.86, 0, 270],
		[45, "H4_3", 1952.64, -420, "T", "SMD", "$1N4659", "", "R", 39.37, 133.86, 0, 270],
		[46, "H4_4", 2157.36, -420, "T", "SMD", "GND", "GND", "R", 39.37, 133.86, 0, 270],
		[47, "H4_5", 1952.64, -520, "T", "SMD", "PD7", "", "R", 39.37, 133.86, 0, 270],
		[48, "H4_6", 2157.36, -520, "T", "SMD", "$1N4673", "", "R", 39.37, 133.86, 0, 270],
		[49, "H5_1", 1445, 960, "T", "DIP", "VCC", "", "R", 70.87, 70.87, 43.31, 180],
		[50, "H5_1", 1445, 960, "B", "DIP", "VCC", "", "R", 70.87, 70.87, 43.31, 180],
		[51, "H5_2", 1345, 960, "T", "DIP", "XN297_CE", "", "C", 70.87, 70.87, 43.31, 180],
		[52, "H5_2", 1345, 960, "B", "DIP", "XN297_CE", "", "C", 70.87, 70.87, 43.31, 180],
		[53, "H5_3", 1245, 960, "T", "DIP", "SPI_CSN", "", "C", 70.87, 70.87, 43.31, 180],
		[54, "H5_3", 1245, 960, "B", "DIP", "SPI_CSN", "", "C", 70.87, 70.87, 43.31, 180],
		[55, "H5_4", 1145, 960, "T", "DIP", "SPI_CLK", "", "C", 70.87, 70.87, 43.31, 180],
		[56, "H5_4", 1145, 960, "B", "DIP", "SPI_CLK", "", "C", 70.87, 70.87, 43.31, 180],
		[57, "H5_5", 1045, 960, "T", "DIP", "SPI_MOSI", "", "C", 70.87, 70.87, 43.31, 180],
		[58, "H5_5", 1045, 960, "B", "DIP", "SPI_MOSI", "", "C", 70.87, 70.87, 43.31, 180],
		[59, "H5_6", 945, 960, "T", "DIP", "SPI_MISO", "", "C", 70.87, 70.87, 43.31, 180],
		[60, "H5_6", 945, 960, "B", "DIP", "SPI_MISO", "", "C", 70.87, 70.87, 43.31, 180],
		[61, "H5_7", 845, 960, "T", "DIP", "XN_IRQ", "", "C", 70.87, 70.87, 43.31, 180],
		[62, "H5_7", 845, 960, "B", "DIP", "XN_IRQ", "", "C", 70.87, 70.87, 43.31, 180],
		[63, "H5_8", 745, 960, "T", "DIP", "PD2", "", "C", 70.87, 70.87, 43.31, 180],
		[64, "H5_8", 745, 960, "B", "DIP", "PD2", "", "C", 70.87, 70.87, 43.31, 180],
		[65, "H5_9", 645, 960, "T", "DIP", "PD7", "", "C", 70.87, 70.87, 43.31, 180],
		[66, "H5_9", 645, 960, "B", "DIP", "PD7", "", "C", 70.87, 70.87, 43.31, 180],
		[67, "H5_10", 545, 960, "T", "DIP", "GND", "GND", "C", 70.87, 70.87, 43.31, 180],
		[68, "H5_10", 545, 960, "B", "DIP", "GND", "GND", "C", 70.87, 70.87, 43.31, 180],
		[69, "LED1_1", 287.5, 105, "T", "DIP", "$1N2906", "", "C", 62.99, 62.99, 35.43, 180],
		[70, "LED1_1", 287.5, 105, "B", "DIP", "$1N2906", "", "C", 62.99, 62.99, 35.43, 180],
		[71, "LED1_2", 387.5, 105, "T", "DIP", "$1N3494", "", "C", 62.99, 62.99, 35.43, 180],
		[72, "LED1_2", 387.5, 105, "B", "DIP", "$1N3494", "", "C", 62.99, 62.99, 35.43, 180],
		[73, "LED2_1", 287.5, -160, "T", "DIP", "$1N2910", "", "C", 62.99, 62.99, 35.43, 180],
		[74, "LED2_1", 287.5, -160, "B", "DIP", "$1N2910", "", "C", 62.99, 62.99, 35.43, 180],
		[75, "LED2_2", 387.5, -160, "T", "DIP", "$1N3487", "", "C", 62.99, 62.99, 35.43, 180],
		[76, "LED2_2", 387.5, -160, "B", "DIP", "$1N3487", "", "C", 62.99, 62.99, 35.43, 180],
		[77, "LED3_1", 287.5, -415, "T", "DIP", "$1N2915", "", "C", 62.99, 62.99, 35.43, 180],
		[78, "LED3_1", 287.5, -415, "B", "DIP", "$1N2915", "", "C", 62.99, 62.99, 35.43, 180],
		[79, "LED3_2", 387.5, -415, "T", "DIP", "$1N3481", "", "C", 62.99, 62.99, 35.43, 180],
		[80, "LED3_2", 387.5, -415, "B", "DIP", "$1N3481", "", "C", 62.99, 62.99, 35.43, 180],
		[81, "LED4_1", 1685, 65, "T", "DIP", "GND", "GND", "C", 62.99, 62.99, 35.43, 180],
		[82, "LED4_1", 1685, 65, "B", "DIP", "GND", "GND", "C", 62.99, 62.99, 35.43, 180],
		[83, "LED4_2", 1785, 65, "T", "DIP", "$1N3977", "", "C", 62.99, 62.99, 35.43, 180],
		[84, "LED4_2", 1785, 65, "B", "DIP", "$1N3977", "", "C", 62.99, 62.99, 35.43, 180],
		[85, "Power3.3_1", 2380, -73.89, "T", "DIP", "GND", "GND", "C", 70.87, 70.87, 43.31, 90],
		[86, "Power3.3_1", 2380, -73.89, "B", "DIP", "GND", "GND", "C", 70.87, 70.87, 43.31, 90],
		[87, "Power3.3_2", 2380, 63.89, "T", "DIP", "VCC", "", "C", 70.87, 70.87, 43.31, 90],
		[88, "Power3.3_2", 2380, 63.89, "B", "DIP", "VCC", "", "C", 70.87, 70.87, 43.31, 90],
		[89, "R1_1", 464.66, 727.88, "T", "SMD", "I2C_SDA", "", "R", 47.54, 66.97, 0, 270],
		[90, "R1_2", 464.66, 611.44, "T", "SMD", "VCC", "", "R", 47.54, 66.97, 0, 270],
		[91, "R2_1", 355, 668.22, "T", "SMD", "I2C_SCL", "", "R", 47.54, 66.97, 0, 270],
		[92, "R2_2", 355, 551.78, "T", "SMD", "VCC", "", "R", 47.54, 66.97, 0, 270],
		[93, "R3_1", 831.78, -210, "T", "SMD", "VCC", "", "R", 47.54, 66.97, 0, 0],
		[94, "R3_2", 948.22, -210, "T", "SMD", "RESET", "", "R", 47.54, 66.97, 0, 0],
		[95, "R4_1", 65.49, 105.38, "T", "SMD", "GND", "GND", "R", 47.54, 66.97, 0, 0],
		[96, "R4_2", 181.93, 105.38, "T", "SMD", "$1N2906", "", "R", 47.54, 66.97, 0, 0],
		[97, "R5_1", 65.49, -154.39, "T", "SMD", "GND", "GND", "R", 47.54, 66.97, 0, 0],
		[98, "R5_2", 181.93, -154.39, "T", "SMD", "$1N2910", "", "R", 47.54, 66.97, 0, 0],
		[99, "R6_1", 60.49, -414.71, "T", "SMD", "GND", "GND", "R", 47.54, 66.97, 0, 0],
		[100, "R6_2", 176.93, -414.71, "T", "SMD", "$1N2915", "", "R", 47.54, 66.97, 0, 0],
		[101, "R7_1", 1480, 371.78, "T", "SMD", "SPI_CSN", "", "R", 47.54, 66.97, 0, 90],
		[102, "R7_2", 1480, 488.22, "T", "SMD", "VCC", "", "R", 47.54, 66.97, 0, 90],
		[103, "R8_1", 1845, -61.78, "T", "SMD", "$1N3977", "", "R", 47.54, 66.97, 0, 270],
		[104, "R8_2", 1845, -178.22, "T", "SMD", "$1N4779", "", "R", 47.54, 66.97, 0, 270],
		[105, "SCREW1_1", 157.8, -1259.65, "T", "DIP", "SCREW1_1", "", "C", 177.17, 177.17, 157.48, 0],
		[106, "SCREW1_1", 157.8, -1259.65, "B", "DIP", "SCREW1_1", "", "C", 177.17, 177.17, 157.48, 0],
		[107, "SCREW2_1", 2470, -1260, "T", "DIP", "SCREW2_1", "", "C", 177.17, 177.17, 157.48, 0],
		[108, "SCREW2_1", 2470, -1260, "B", "DIP", "SCREW2_1", "", "C", 177.17, 177.17, 157.48, 0],
		[109, "SCREW3_1", 153.37, 990.35, "T", "DIP", "SCREW3_1", "", "C", 177.17, 177.17, 157.48, 0],
		[110, "SCREW3_1", 153.37, 990.35, "B", "DIP", "SCREW3_1", "", "C", 177.17, 177.17, 157.48, 0],
		[111, "SCREW4_1", 2470, 995, "T", "DIP", "SCREW4_1", "", "C", 177.17, 177.17, 157.48, 0],
		[112, "SCREW4_1", 2470, 995, "B", "DIP", "SCREW4_1", "", "C", 177.17, 177.17, 157.48, 0],
		[113, "SW4_1", 1995, 210.51, "T", "SMD", "GND", "GND", "R", 59.05, 39.37, 0, 270],
		[114, "SW4_2", 1995, -100.51, "T", "SMD", "RESET", "", "R", 59.05, 39.37, 0, 270],
		[115, "U1_1", 1718.31, 395, "T", "SMD", "GND", "GND", "R", 47.24, 98.42, 0, 0],
		[116, "U1_2", 1777.37, 395, "T", "SMD", "VCC", "", "R", 47.24, 98.42, 0, 0],
		[117, "U1_3", 1836.41, 395, "T", "SMD", "XN297_CE", "", "R", 47.24, 98.42, 0, 0],
		[118, "U1_4", 1895.48, 395, "T", "SMD", "SPI_CSN", "", "R", 47.24, 98.42, 0, 0],
		[119, "U1_5", 1954.52, 395, "T", "SMD", "SPI_CLK", "", "R", 47.24, 98.42, 0, 0],
		[120, "U1_6", 2013.59, 395, "T", "SMD", "SPI_MOSI", "", "R", 47.24, 98.42, 0, 0],
		[121, "U1_7", 2072.63, 395, "T", "SMD", "SPI_MISO", "", "R", 47.24, 98.42, 0, 0],
		[122, "U1_8", 2131.7, 395, "T", "SMD", "XN_IRQ", "", "R", 47.24, 98.42, 0, 0],
		[123, "U2_1", 1274.76, -387, "T", "SMD", "PD2", "", "O", 17.72, 64.96, 0, 0],
		[124, "U2_2", 1306.26, -387, "T", "SMD", "$1N3494", "", "O", 17.72, 64.96, 0, 0],
		[125, "U2_3", 1337.76, -387, "T", "SMD", "GND", "GND", "O", 17.72, 64.96, 0, 0],
		[126, "U2_4", 1369.25, -387, "T", "SMD", "VCC", "", "O", 17.72, 64.96, 0, 0],
		[127, "U2_5", 1400.75, -387, "T", "SMD", "GND", "GND", "O", 17.72, 64.96, 0, 0],
		[128, "U2_6", 1432.24, -387, "T", "SMD", "VCC", "", "O", 17.72, 64.96, 0, 0],
		[129, "U2_7", 1463.74, -387, "T", "SMD", "$1N3868", "", "O", 17.72, 64.96, 0, 0],
		[130, "U2_8", 1495.24, -387, "T", "SMD", "$1N3892", "", "O", 17.72, 64.96, 0, 0],
		[131, "U2_9", 1557.5, -325.24, "T", "SMD", "$1N3898", "", "O", 64.96, 17.72, 0, 0],
		[132, "U2_10", 1557.5, -293.74, "T", "SMD", "$1N4673", "", "O", 64.96, 17.72, 0, 0],
		[133, "U2_11", 1557.5, -262.24, "T", "SMD", "PD7", "", "O", 64.96, 17.72, 0, 0],
		[134, "U2_12", 1557.5, -230.75, "T", "SMD", "$1N4659", "", "O", 64.96, 17.72, 0, 0],
		[135, "U2_13", 1557.5, -199.25, "T", "SMD", "$1N5708", "", "O", 64.96, 17.72, 0, 0],
		[136, "U2_14", 1557.5, -167.76, "T", "SMD", "$1N4779", "", "O", 64.96, 17.72, 0, 0],
		[137, "U2_15", 1557.5, -136.26, "T", "SMD", "SPI_MOSI", "", "O", 64.96, 17.72, 0, 0],
		[138, "U2_16", 1557.5, -104.76, "T", "SMD", "SPI_MISO", "", "O", 64.96, 17.72, 0, 0],
		[139, "U2_17", 1495.24, -43, "T", "SMD", "SPI_CLK", "", "O", 17.72, 64.96, 0, 0],
		[140, "U2_18", 1463.74, -43, "T", "SMD", "VCC", "", "O", 17.72, 64.96, 0, 0],
		[141, "U2_19", 1432.24, -43, "T", "SMD", "U2_19", "", "O", 17.72, 64.96, 0, 0],
		[142, "U2_20", 1400.75, -43, "T", "SMD", "VCC", "", "O", 17.72, 64.96, 0, 0],
		[143, "U2_21", 1369.25, -43, "T", "SMD", "GND", "GND", "O", 17.72, 64.96, 0, 0],
		[144, "U2_22", 1337.76, -43, "T", "SMD", "U2_22", "", "O", 17.72, 64.96, 0, 0],
		[145, "U2_23", 1306.26, -43, "T", "SMD", "SPI_CSN", "", "O", 17.72, 64.96, 0, 0],
		[146, "U2_24", 1274.76, -43, "T", "SMD", "XN297_CE", "", "O", 17.72, 64.96, 0, 0],
		[147, "U2_25", 1212.5, -104.76, "T", "SMD", "$1N3487", "", "O", 64.96, 17.72, 0, 0],
		[148, "U2_26", 1212.5, -136.26, "T", "SMD", "$1N3481", "", "O", 64.96, 17.72, 0, 0],
		[149, "U2_27", 1212.5, -167.76, "T", "SMD", "I2C_SDA", "", "O", 64.96, 17.72, 0, 0],
		[150, "U2_28", 1212.5, -199.25, "T", "SMD", "I2C_SCL", "", "O", 64.96, 17.72, 0, 0],
		[151, "U2_29", 1212.5, -230.75, "T", "SMD", "RESET", "", "O", 64.96, 17.72, 0, 0],
		[152, "U2_30", 1212.5, -262.24, "T", "SMD", "$1N1844", "", "O", 64.96, 17.72, 0, 0],
		[153, "U2_31", 1212.5, -293.74, "T", "SMD", "$1N1848", "", "O", 64.96, 17.72, 0, 0],
		[154, "U2_32", 1212.5, -325.24, "T", "SMD", "XN_IRQ", "", "O", 64.96, 17.72, 0, 0],
		[155, "U3_1", 761.66, 449, "T", "SMD", "GND", "GND", "O", 15.75, 59.05, 0, 180],
		[156, "U3_2", 787.26, 449, "T", "SMD", "GND", "GND", "O", 15.75, 59.05, 0, 180],
		[157, "U3_3", 812.86, 449, "T", "SMD", "GND", "GND", "O", 15.75, 59.05, 0, 180],
		[158, "U3_4", 838.46, 449, "T", "SMD", "GND", "GND", "O", 15.75, 59.05, 0, 180],
		[159, "U3_5", 838.46, 701, "T", "SMD", "I2C_SDA", "", "O", 15.75, 59.05, 0, 180],
		[160, "U3_6", 812.86, 701, "T", "SMD", "I2C_SCL", "", "O", 15.75, 59.05, 0, 180],
		[161, "U3_7", 787.26, 701, "T", "SMD", "U3_7", "", "O", 15.75, 59.05, 0, 180],
		[162, "U3_8", 761.66, 701, "T", "SMD", "VCC", "", "O", 15.75, 59.05, 0, 180],
		[163, "U4_1", 353.94, -951.58, "T", "DIP", "GND", "GND", "C", 98.42, 98.42, 59.06, 180],
		[164, "U4_1", 353.94, -951.58, "B", "DIP", "GND", "GND", "C", 98.42, 98.42, 59.06, 180],
		[165, "U4_2", 846.06, -951.58, "T", "DIP", "GND", "GND", "C", 98.42, 98.42, 59.06, 180],
		[166, "U4_2", 846.06, -951.58, "B", "DIP", "GND", "GND", "C", 98.42, 98.42, 59.06, 180],
		[167, "U4_3", 353.94, -1148.42, "T", "DIP", "$1N3868", "", "C", 98.42, 98.42, 59.06, 180],
		[168, "U4_3", 353.94, -1148.42, "B", "DIP", "$1N3868", "", "C", 98.42, 98.42, 59.06, 180],
		[169, "U4_4", 846.06, -1148.42, "T", "DIP", "$1N3868", "", "C", 98.42, 98.42, 59.06, 180],
		[170, "U4_4", 846.06, -1148.42, "B", "DIP", "$1N3868", "", "C", 98.42, 98.42, 59.06, 180],
		[171, "U5_1", 1066.44, -951.58, "T", "DIP", "GND", "GND", "C", 98.42, 98.42, 59.06, 180],
		[172, "U5_1", 1066.44, -951.58, "B", "DIP", "GND", "GND", "C", 98.42, 98.42, 59.06, 180],
		[173, "U5_2", 1558.56, -951.58, "T", "DIP", "GND", "GND", "C", 98.42, 98.42, 59.06, 180],
		[174, "U5_2", 1558.56, -951.58, "B", "DIP", "GND", "GND", "C", 98.42, 98.42, 59.06, 180],
		[175, "U5_3", 1066.44, -1148.42, "T", "DIP", "$1N3892", "", "C", 98.42, 98.42, 59.06, 180],
		[176, "U5_3", 1066.44, -1148.42, "B", "DIP", "$1N3892", "", "C", 98.42, 98.42, 59.06, 180],
		[177, "U5_4", 1558.56, -1148.42, "T", "DIP", "$1N3892", "", "C", 98.42, 98.42, 59.06, 180],
		[178, "U5_4", 1558.56, -1148.42, "B", "DIP", "$1N3892", "", "C", 98.42, 98.42, 59.06, 180],
		[179, "U6_1", 1778.94, -951.58, "T", "DIP", "GND", "GND", "C", 98.42, 98.42, 59.06, 180],
		[180, "U6_1", 1778.94, -951.58, "B", "DIP", "GND", "GND", "C", 98.42, 98.42, 59.06, 180],
		[181, "U6_2", 2271.06, -951.58, "T", "DIP", "GND", "GND", "C", 98.42, 98.42, 59.06, 180],
		[182, "U6_2", 2271.06, -951.58, "B", "DIP", "GND", "GND", "C", 98.42, 98.42, 59.06, 180],
		[183, "U6_3", 1778.94, -1148.42, "T", "DIP", "$1N3898", "", "C", 98.42, 98.42, 59.06, 180],
		[184, "U6_3", 1778.94, -1148.42, "B", "DIP", "$1N3898", "", "C", 98.42, 98.42, 59.06, 180],
		[185, "U6_4", 2271.06, -1148.42, "T", "DIP", "$1N3898", "", "C", 98.42, 98.42, 59.06, 180],
		[186, "U6_4", 2271.06, -1148.42, "B", "DIP", "$1N3898", "", "C", 98.42, 98.42, 59.06, 180]
	]
}
}